<?xml version='1.0' encoding='UTF-8'?>
<?artifactRepository class='org.eclipse.equinox.internal.p2.artifact.repository.simple.SimpleArtifactRepository' version='1.0.0'?>
<repository name='Equinox Aspects Repository' type='org.eclipse.equinox.p2.artifact.repository.simpleRepository' version='1'>
  <properties size='2'>
    <property name='p2.compressed' value='false'/>
    <property name='p2.timestamp' value='1227199719765'/>
  </properties>
  <mappings size='3'>
    <rule filter='(&amp; (classifier=osgi.bundle))' output='${repoUrl}/plugins/${id}_${version}.jar'/>
    <rule filter='(&amp; (classifier=binary))' output='${repoUrl}/binary/${id}_${version}'/>
    <rule filter='(&amp; (classifier=org.eclipse.update.feature))' output='${repoUrl}/features/${id}_${version}.jar'/>
  </mappings>
  <artifacts size='4'>
    <artifact classifier='org.eclipse.update.feature' id='org.eclipse.equinox.weaving' version='1.0.0.200811191424'>
      <properties size='2'>
        <property name='artifact.size' value='813'/>
        <property name='download.size' value='813'/>
      </properties>
    </artifact>
    <artifact classifier='osgi.bundle' id='org.eclipse.equinox.weaving.hook' version='1.0.0.200811191424'>
      <properties size='3'>
        <property name='artifact.size' value='65165'/>
        <property name='download.size' value='65165'/>
        <property name='download.contentType' value='application/zip'/>
      </properties>
    </artifact>
    <artifact classifier='osgi.bundle' id='org.eclipse.equinox.weaving.aspectj' version='1.0.0.200811191424'>
      <properties size='3'>
        <property name='artifact.size' value='23241'/>
        <property name='download.size' value='23241'/>
        <property name='download.contentType' value='application/zip'/>
      </properties>
    </artifact>
    <artifact classifier='osgi.bundle' id='org.eclipse.equinox.weaving.caching' version='1.0.0.200811191424'>
      <properties size='3'>
        <property name='artifact.size' value='24450'/>
        <property name='download.size' value='24450'/>
        <property name='download.contentType' value='application/zip'/>
      </properties>
    </artifact>
  </artifacts>
</repository>
