<?xml version='1.0' encoding='UTF-8'?>
<?metadataRepository class='org.eclipse.equinox.internal.p2.metadata.repository.LocalMetadataRepository' version='1.0.0'?>
<repository name='file:/Users/andrew/Eclipse/Workspaces/workspaceAJDT1.6weaving/org.eclipse.contribution.weaving.jdt/equinox-aspects/ - metadata' type='org.eclipse.equinox.internal.p2.metadata.repository.LocalMetadataRepository' version='1'>
  <properties size='2'>
    <property name='p2.compressed' value='false'/>
    <property name='p2.timestamp' value='1227199719833'/>
  </properties>
  <references size='2'>
    <repository url='http://download.eclipse.org/tools/ajdt/34/update' type='0' options='0'/>
    <repository url='http://download.eclipse.org/tools/ajdt/34/update' type='1' options='0'/>
  </references>
  <units size='10'>
    <unit id='config.a.jre' version='1.6.0' singleton='false'>
      <hostRequirements size='1'>
        <required namespace='org.eclipse.equinox.p2.iu' name='a.jre' range='1.6.0'/>
      </hostRequirements>
      <properties size='1'>
        <property name='org.eclipse.equinox.p2.type.fragment' value='true'/>
      </properties>
      <provides size='1'>
        <provided namespace='org.eclipse.equinox.p2.iu' name='config.a.jre' version='1.6.0'/>
      </provides>
      <requires size='1'>
        <required namespace='org.eclipse.equinox.p2.iu' name='a.jre' range='1.6.0'/>
      </requires>
      <touchpoint id='org.eclipse.equinox.p2.native' version='1.0.0'/>
      <touchpointData size='1'>
        <instructions size='1'>
          <instruction key='install'>

          </instruction>
        </instructions>
      </touchpointData>
    </unit>
    <unit id='tooling.osgi.bundle.default' version='1.0.0' singleton='false'>
      <hostRequirements size='1'>
        <required namespace='org.eclipse.equinox.p2.eclipse.type' name='bundle' range='0.0.0' multiple='true' greedy='false'/>
      </hostRequirements>
      <properties size='1'>
        <property name='org.eclipse.equinox.p2.type.fragment' value='true'/>
      </properties>
      <provides size='2'>
        <provided namespace='org.eclipse.equinox.p2.iu' name='tooling.osgi.bundle.default' version='1.0.0'/>
        <provided namespace='org.eclipse.equinox.p2.flavor' name='tooling' version='1.0.0'/>
      </provides>
      <requires size='1'>
        <required namespace='org.eclipse.equinox.p2.eclipse.type' name='bundle' range='0.0.0' multiple='true' greedy='false'/>
      </requires>
      <touchpoint id='null' version='0.0.0'/>
      <touchpointData size='1'>
        <instructions size='4'>
          <instruction key='uninstall'>
            uninstallBundle(bundle:${artifact})
          </instruction>
          <instruction key='configure'>
            setStartLevel(startLevel:4);
          </instruction>
          <instruction key='install'>
            installBundle(bundle:${artifact})
          </instruction>
          <instruction key='unconfigure'>

          </instruction>
        </instructions>
      </touchpointData>
    </unit>
    <unit id='org.eclipse.equinox.weaving.feature.jar' version='1.0.0.200811191424'>
      <update id='org.eclipse.equinox.weaving.feature.jar' range='[0.0.0,1.0.0.200811191424)' severity='0'/>
      <properties size='3'>
        <property name='org.eclipse.equinox.p2.name' value='Equinox Aspects Feature'/>
        <property name='org.eclipse.equinox.p2.description' value='Equinox Aspects'/>
        <property name='org.eclipse.equinox.p2.description.url' value='http://www.eclipse.org/equinox/incubator/aspects/index.php'/>
      </properties>
      <provides size='3'>
        <provided namespace='org.eclipse.equinox.p2.iu' name='org.eclipse.equinox.weaving.feature.jar' version='1.0.0.200811191424'/>
        <provided namespace='org.eclipse.equinox.p2.eclipse.type' name='feature' version='1.0.0'/>
        <provided namespace='org.eclipse.update.feature' name='org.eclipse.equinox.weaving' version='1.0.0.200811191424'/>
      </provides>
      <filter>
        (org.eclipse.update.install.features=true)
      </filter>
      <artifacts size='1'>
        <artifact classifier='org.eclipse.update.feature' id='org.eclipse.equinox.weaving' version='1.0.0.200811191424'/>
      </artifacts>
      <touchpoint id='org.eclipse.equinox.p2.osgi' version='1.0.0'/>
      <touchpointData size='1'>
        <instructions size='1'>
          <instruction key='zipped'>
            true
          </instruction>
        </instructions>
      </touchpointData>
      <licenses size='1'>
        <license url='http://www.example.com/license'>
          [Enter License Description here.]
        </license>
      </licenses>
      <copyright url='http://www.example.com/copyright'>
        [Enter Copyright Description here.]
      </copyright>
    </unit>
    <unit id='org.eclipse.equinox.weaving.feature.group' version='1.0.0.200811191424' singleton='false'>
      <update id='org.eclipse.equinox.weaving.feature.group' range='[0.0.0,1.0.0.200811191424)' severity='0'/>
      <properties size='4'>
        <property name='org.eclipse.equinox.p2.name' value='Equinox Aspects Feature'/>
        <property name='org.eclipse.equinox.p2.description' value='Equinox Aspects'/>
        <property name='org.eclipse.equinox.p2.description.url' value='http://www.eclipse.org/equinox/incubator/aspects/index.php'/>
        <property name='org.eclipse.equinox.p2.type.group' value='true'/>
      </properties>
      <provides size='1'>
        <provided namespace='org.eclipse.equinox.p2.iu' name='org.eclipse.equinox.weaving.feature.group' version='1.0.0.200811191424'/>
      </provides>
      <requires size='4'>
        <required namespace='org.eclipse.equinox.p2.iu' name='org.eclipse.equinox.weaving.aspectj' range='[1.0.0.200811191424,1.0.0.200811191424]'/>
        <required namespace='org.eclipse.equinox.p2.iu' name='org.eclipse.equinox.weaving.caching' range='[1.0.0.200811191424,1.0.0.200811191424]'/>
        <required namespace='org.eclipse.equinox.p2.iu' name='org.eclipse.equinox.weaving.hook' range='[1.0.0.200811191424,1.0.0.200811191424]'/>
        <required namespace='org.eclipse.equinox.p2.iu' name='org.eclipse.equinox.weaving.feature.jar' range='[1.0.0.200811191424,1.0.0.200811191424]'>
          <filter>
            (org.eclipse.update.install.features=true)
          </filter>
        </required>
      </requires>
      <touchpoint id='null' version='0.0.0'/>
      <licenses size='1'>
        <license url='http://www.example.com/license'>
          [Enter License Description here.]
        </license>
      </licenses>
      <copyright url='http://www.example.com/copyright'>
        [Enter Copyright Description here.]
      </copyright>
    </unit>
    <unit id='org.eclipse.equinox.weaving.aspectj' version='1.0.0.200811191424' singleton='false'>
      <update id='org.eclipse.equinox.weaving.aspectj' range='[0.0.0,1.0.0.200811191424)' severity='0'/>
      <properties size='1'>
        <property name='org.eclipse.equinox.p2.name' value='WeavingService Plug-in (Incubation)'/>
      </properties>
      <provides size='3'>
        <provided namespace='org.eclipse.equinox.p2.iu' name='org.eclipse.equinox.weaving.aspectj' version='1.0.0.200811191424'/>
        <provided namespace='osgi.bundle' name='org.eclipse.equinox.weaving.aspectj' version='1.0.0.200811191424'/>
        <provided namespace='org.eclipse.equinox.p2.eclipse.type' name='bundle' version='1.0.0'/>
      </provides>
      <requires size='8'>
        <required namespace='java.package' name='org.aspectj.weaver' range='0.0.0'/>
        <required namespace='java.package' name='org.aspectj.weaver.loadtime' range='0.0.0'/>
        <required namespace='java.package' name='org.aspectj.weaver.loadtime.definition' range='0.0.0'/>
        <required namespace='java.package' name='org.aspectj.weaver.tools' range='0.0.0'/>
        <required namespace='java.package' name='org.eclipse.equinox.service.weaving' range='0.0.0'/>
        <required namespace='java.package' name='org.eclipse.osgi.service.debug' range='0.0.0'/>
        <required namespace='java.package' name='org.eclipse.osgi.service.resolver' range='0.0.0'/>
        <required namespace='java.package' name='org.osgi.framework' range='0.0.0'/>
      </requires>
      <artifacts size='1'>
        <artifact classifier='osgi.bundle' id='org.eclipse.equinox.weaving.aspectj' version='1.0.0.200811191424'/>
      </artifacts>
      <touchpoint id='org.eclipse.equinox.p2.osgi' version='1.0.0'/>
      <touchpointData size='1'>
        <instructions size='3'>
          <instruction key='configure'>
            setStartLevel(startLevel:2); markStarted(started: true); setProgramProperty(propName:osgi.framework.extensions, propValue:org.eclipse.equinox.weaving.hook); setProgramProperty(propName:org.aspectj.weaver.showWeaveInfo, propValue:true); setProgramProperty(propName:org.aspectj.osgi.verbose, propValue:true); setProgramProperty(propName:aj.weaving.verbose, propValue:true);
          </instruction>
          <instruction key='manifest'>
            Import-Package: org.aspectj.weaver,org.aspectj.weaver.loadtime,org.aspectj.weaver.loadtime.definition,org.aspectj.weaver.tools,org.eclipse.equinox.service.weaving,org.eclipse.osgi.service.debug,org.eclipse.osgi.service.resolver,org.osgi.framework&#xA;Bundle-ManifestVersion: 2&#xA;Bundle-Version: 1.0.0.200811191424&#xA;Manifest-Version: 1.0&#xA;Bundle-Activator: org.eclipse.equinox.weaving.aspectj.WeavingServicePlugin&#xA;Bundle-SymbolicName: org.eclipse.equinox.weaving.aspectj&#xA;Bundle-Name: WeavingService Plug-in (Incubation)&#xA;Bundle-RequiredExecutionEnvironment: J2SE-1.5&#xA;
          </instruction>
          <instruction key='unconfigure'>
            setProgramProperty(propName:osgi.framework.extensions, propValue:); setProgramProperty(propName:org.aspectj.weaver.showWeaveInfo, propValue:); setProgramProperty(propName:org.aspectj.osgi.verbose, propValue:); setProgramProperty(propName:aj.weaving.verbose, propValue:);
          </instruction>
        </instructions>
      </touchpointData>
    </unit>
    <unit id='tooling.source.default' version='1.0.0' singleton='false'>
      <hostRequirements size='1'>
        <required namespace='org.eclipse.equinox.p2.eclipse.type' name='source' range='0.0.0' optional='true' multiple='true' greedy='false'/>
      </hostRequirements>
      <properties size='1'>
        <property name='org.eclipse.equinox.p2.type.fragment' value='true'/>
      </properties>
      <provides size='2'>
        <provided namespace='org.eclipse.equinox.p2.iu' name='tooling.source.default' version='1.0.0'/>
        <provided namespace='org.eclipse.equinox.p2.flavor' name='tooling' version='1.0.0'/>
      </provides>
      <requires size='1'>
        <required namespace='org.eclipse.equinox.p2.eclipse.type' name='source' range='0.0.0' optional='true' multiple='true' greedy='false'/>
      </requires>
      <touchpoint id='null' version='0.0.0'/>
      <touchpointData size='1'>
        <instructions size='2'>
          <instruction key='uninstall'>
            removeSourceBundle(bundle:${artifact})
          </instruction>
          <instruction key='install'>
            addSourceBundle(bundle:${artifact})
          </instruction>
        </instructions>
      </touchpointData>
    </unit>
    <unit id='org.eclipse.equinox.weaving.caching' version='1.0.0.200811191424' singleton='false'>
      <update id='org.eclipse.equinox.weaving.caching' range='[0.0.0,1.0.0.200811191424)' severity='0'/>
      <properties size='1'>
        <property name='org.eclipse.equinox.p2.name' value='Standard Caching Service for Equinox Aspects (Incubation)'/>
      </properties>
      <provides size='4'>
        <provided namespace='org.eclipse.equinox.p2.iu' name='org.eclipse.equinox.weaving.caching' version='1.0.0.200811191424'/>
        <provided namespace='osgi.bundle' name='org.eclipse.equinox.weaving.caching' version='1.0.0.200811191424'/>
        <provided namespace='java.package' name='org.eclipse.equinox.weaving.internal.caching' version='0.0.0'/>
        <provided namespace='org.eclipse.equinox.p2.eclipse.type' name='bundle' version='1.0.0'/>
      </provides>
      <requires size='5'>
        <required namespace='java.package' name='com.ibm.oti.shared' range='0.0.0' optional='true'/>
        <required namespace='java.package' name='org.eclipse.equinox.service.weaving' range='0.0.0'/>
        <required namespace='java.package' name='org.eclipse.osgi.service.datalocation' range='1.0.0'/>
        <required namespace='java.package' name='org.eclipse.osgi.service.debug' range='1.0.0'/>
        <required namespace='java.package' name='org.osgi.framework' range='1.4.0'/>
      </requires>
      <artifacts size='1'>
        <artifact classifier='osgi.bundle' id='org.eclipse.equinox.weaving.caching' version='1.0.0.200811191424'/>
      </artifacts>
      <touchpoint id='org.eclipse.equinox.p2.osgi' version='1.0.0'/>
      <touchpointData size='1'>
        <instructions size='1'>
          <instruction key='manifest'>
            Bundle-ManifestVersion: 2&#xA;Bundle-Name: Standard Caching Service for Equinox Aspects (Incubation)&#xA;Bundle-Version: 1.0.0.200811191424&#xA;Export-Package: org.eclipse.equinox.weaving.internal.caching;x-friends:=&quot;org.aspectj.osgi.service.caching.test&quot;&#xA;Bundle-RequiredExecutionEnvironment: J2SE-1.5&#xA;Bundle-SymbolicName: org.eclipse.equinox.weaving.caching&#xA;Manifest-Version: 1.0&#xA;Import-Package: com.ibm.oti.shared;resolution:=optional,org.eclipse.equinox.service.weaving,org.eclipse.osgi.service.datalocation;version=&quot;1.0.0&quot;,org.eclipse.osgi.service.debug;version=&quot;1.0.0&quot;,org.osgi.framework;version=&quot;1.4.0&quot;&#xA;Bundle-Activator: org.eclipse.equinox.weaving.internal.caching.Activator&#xA;
          </instruction>
        </instructions>
      </touchpointData>
    </unit>
    <unit id='org.eclipse.equinox.weaving.hook' version='1.0.0.200811191424' singleton='false'>
      <update id='org.eclipse.equinox.weaving.hook' range='[0.0.0,1.0.0.200811191424)' severity='0'/>
      <properties size='1'>
        <property name='org.eclipse.equinox.p2.name' value='Aspect Weaving Hooks Plug-in (Incubation)'/>
      </properties>
      <provides size='6'>
        <provided namespace='org.eclipse.equinox.p2.iu' name='org.eclipse.equinox.weaving.hook' version='1.0.0.200811191424'/>
        <provided namespace='osgi.bundle' name='org.eclipse.equinox.weaving.hook' version='1.0.0.200811191424'/>
        <provided namespace='java.package' name='org.eclipse.equinox.service.weaving' version='0.0.0'/>
        <provided namespace='java.package' name='org.eclipse.equinox.weaving.hooks' version='0.0.0'/>
        <provided namespace='org.eclipse.equinox.p2.eclipse.type' name='bundle' version='1.0.0'/>
        <provided namespace='osgi.fragment' name='org.eclipse.osgi' version='1.0.0.200811191424'/>
      </provides>
      <requires size='1'>
        <required namespace='osgi.bundle' name='org.eclipse.osgi' range='[3.2.0,4.0.0)'/>
      </requires>
      <artifacts size='1'>
        <artifact classifier='osgi.bundle' id='org.eclipse.equinox.weaving.hook' version='1.0.0.200811191424'/>
      </artifacts>
      <touchpoint id='org.eclipse.equinox.p2.osgi' version='1.0.0'/>
      <touchpointData size='1'>
        <instructions size='1'>
          <instruction key='manifest'>
            Bundle-ManifestVersion: 2&#xA;Bundle-Version: 1.0.0.200811191424&#xA;Export-Package: org.eclipse.equinox.service.weaving,org.eclipse.equinox.weaving.hooks;x-friends:=&quot;org.eclipse.equinox.weaving.tests&quot;&#xA;Manifest-Version: 1.0&#xA;Bundle-SymbolicName: org.eclipse.equinox.weaving.hook&#xA;Bundle-Name: Aspect Weaving Hooks Plug-in (Incubation)&#xA;Fragment-Host: org.eclipse.osgi;bundle-version=&quot;[3.2.0,4.0.0)&quot;&#xA;Bundle-RequiredExecutionEnvironment: J2SE-1.5&#xA;
          </instruction>
        </instructions>
      </touchpointData>
    </unit>
    <unit id='a.jre' version='1.6.0' singleton='false'>
      <provides size='117'>
        <provided namespace='org.eclipse.equinox.p2.iu' name='a.jre' version='1.6.0'/>
        <provided namespace='java.package' name='javax.accessibility' version='0.0.0'/>
        <provided namespace='java.package' name='javax.activity' version='0.0.0'/>
        <provided namespace='java.package' name='javax.crypto' version='0.0.0'/>
        <provided namespace='java.package' name='javax.crypto.interfaces' version='0.0.0'/>
        <provided namespace='java.package' name='javax.crypto.spec' version='0.0.0'/>
        <provided namespace='java.package' name='javax.imageio' version='0.0.0'/>
        <provided namespace='java.package' name='javax.imageio.event' version='0.0.0'/>
        <provided namespace='java.package' name='javax.imageio.metadata' version='0.0.0'/>
        <provided namespace='java.package' name='javax.imageio.plugins.bmp' version='0.0.0'/>
        <provided namespace='java.package' name='javax.imageio.plugins.jpeg' version='0.0.0'/>
        <provided namespace='java.package' name='javax.imageio.spi' version='0.0.0'/>
        <provided namespace='java.package' name='javax.imageio.stream' version='0.0.0'/>
        <provided namespace='java.package' name='javax.management' version='0.0.0'/>
        <provided namespace='java.package' name='javax.management.loading' version='0.0.0'/>
        <provided namespace='java.package' name='javax.management.modelmbean' version='0.0.0'/>
        <provided namespace='java.package' name='javax.management.monitor' version='0.0.0'/>
        <provided namespace='java.package' name='javax.management.openmbean' version='0.0.0'/>
        <provided namespace='java.package' name='javax.management.relation' version='0.0.0'/>
        <provided namespace='java.package' name='javax.management.remote' version='0.0.0'/>
        <provided namespace='java.package' name='javax.management.remote.rmi' version='0.0.0'/>
        <provided namespace='java.package' name='javax.management.timer' version='0.0.0'/>
        <provided namespace='java.package' name='javax.naming' version='0.0.0'/>
        <provided namespace='java.package' name='javax.naming.directory' version='0.0.0'/>
        <provided namespace='java.package' name='javax.naming.event' version='0.0.0'/>
        <provided namespace='java.package' name='javax.naming.ldap' version='0.0.0'/>
        <provided namespace='java.package' name='javax.naming.spi' version='0.0.0'/>
        <provided namespace='java.package' name='javax.net' version='0.0.0'/>
        <provided namespace='java.package' name='javax.net.ssl' version='0.0.0'/>
        <provided namespace='java.package' name='javax.print' version='0.0.0'/>
        <provided namespace='java.package' name='javax.print.attribute' version='0.0.0'/>
        <provided namespace='java.package' name='javax.print.attribute.standard' version='0.0.0'/>
        <provided namespace='java.package' name='javax.print.event' version='0.0.0'/>
        <provided namespace='java.package' name='javax.rmi' version='0.0.0'/>
        <provided namespace='java.package' name='javax.rmi.CORBA' version='0.0.0'/>
        <provided namespace='java.package' name='javax.rmi.ssl' version='0.0.0'/>
        <provided namespace='java.package' name='javax.security.auth' version='0.0.0'/>
        <provided namespace='java.package' name='javax.security.auth.callback' version='0.0.0'/>
        <provided namespace='java.package' name='javax.security.auth.kerberos' version='0.0.0'/>
        <provided namespace='java.package' name='javax.security.auth.login' version='0.0.0'/>
        <provided namespace='java.package' name='javax.security.auth.spi' version='0.0.0'/>
        <provided namespace='java.package' name='javax.security.auth.x500' version='0.0.0'/>
        <provided namespace='java.package' name='javax.security.cert' version='0.0.0'/>
        <provided namespace='java.package' name='javax.security.sasl' version='0.0.0'/>
        <provided namespace='java.package' name='javax.sound.midi' version='0.0.0'/>
        <provided namespace='java.package' name='javax.sound.midi.spi' version='0.0.0'/>
        <provided namespace='java.package' name='javax.sound.sampled' version='0.0.0'/>
        <provided namespace='java.package' name='javax.sound.sampled.spi' version='0.0.0'/>
        <provided namespace='java.package' name='javax.sql' version='0.0.0'/>
        <provided namespace='java.package' name='javax.sql.rowset' version='0.0.0'/>
        <provided namespace='java.package' name='javax.sql.rowset.serial' version='0.0.0'/>
        <provided namespace='java.package' name='javax.sql.rowset.spi' version='0.0.0'/>
        <provided namespace='java.package' name='javax.swing' version='0.0.0'/>
        <provided namespace='java.package' name='javax.swing.border' version='0.0.0'/>
        <provided namespace='java.package' name='javax.swing.colorchooser' version='0.0.0'/>
        <provided namespace='java.package' name='javax.swing.event' version='0.0.0'/>
        <provided namespace='java.package' name='javax.swing.filechooser' version='0.0.0'/>
        <provided namespace='java.package' name='javax.swing.plaf' version='0.0.0'/>
        <provided namespace='java.package' name='javax.swing.plaf.basic' version='0.0.0'/>
        <provided namespace='java.package' name='javax.swing.plaf.metal' version='0.0.0'/>
        <provided namespace='java.package' name='javax.swing.plaf.multi' version='0.0.0'/>
        <provided namespace='java.package' name='javax.swing.plaf.synth' version='0.0.0'/>
        <provided namespace='java.package' name='javax.swing.table' version='0.0.0'/>
        <provided namespace='java.package' name='javax.swing.text' version='0.0.0'/>
        <provided namespace='java.package' name='javax.swing.text.html' version='0.0.0'/>
        <provided namespace='java.package' name='javax.swing.text.html.parser' version='0.0.0'/>
        <provided namespace='java.package' name='javax.swing.text.rtf' version='0.0.0'/>
        <provided namespace='java.package' name='javax.swing.tree' version='0.0.0'/>
        <provided namespace='java.package' name='javax.swing.undo' version='0.0.0'/>
        <provided namespace='java.package' name='javax.transaction' version='0.0.0'/>
        <provided namespace='java.package' name='javax.transaction.xa' version='0.0.0'/>
        <provided namespace='java.package' name='javax.xml' version='0.0.0'/>
        <provided namespace='java.package' name='javax.xml.datatype' version='0.0.0'/>
        <provided namespace='java.package' name='javax.xml.namespace' version='0.0.0'/>
        <provided namespace='java.package' name='javax.xml.parsers' version='0.0.0'/>
        <provided namespace='java.package' name='javax.xml.transform' version='0.0.0'/>
        <provided namespace='java.package' name='javax.xml.transform.dom' version='0.0.0'/>
        <provided namespace='java.package' name='javax.xml.transform.sax' version='0.0.0'/>
        <provided namespace='java.package' name='javax.xml.transform.stream' version='0.0.0'/>
        <provided namespace='java.package' name='javax.xml.validation' version='0.0.0'/>
        <provided namespace='java.package' name='javax.xml.xpath' version='0.0.0'/>
        <provided namespace='java.package' name='org.ietf.jgss' version='0.0.0'/>
        <provided namespace='java.package' name='org.omg.CORBA' version='0.0.0'/>
        <provided namespace='java.package' name='org.omg.CORBA_2_3' version='0.0.0'/>
        <provided namespace='java.package' name='org.omg.CORBA_2_3.portable' version='0.0.0'/>
        <provided namespace='java.package' name='org.omg.CORBA.DynAnyPackage' version='0.0.0'/>
        <provided namespace='java.package' name='org.omg.CORBA.ORBPackage' version='0.0.0'/>
        <provided namespace='java.package' name='org.omg.CORBA.portable' version='0.0.0'/>
        <provided namespace='java.package' name='org.omg.CORBA.TypeCodePackage' version='0.0.0'/>
        <provided namespace='java.package' name='org.omg.CosNaming' version='0.0.0'/>
        <provided namespace='java.package' name='org.omg.CosNaming.NamingContextExtPackage' version='0.0.0'/>
        <provided namespace='java.package' name='org.omg.CosNaming.NamingContextPackage' version='0.0.0'/>
        <provided namespace='java.package' name='org.omg.Dynamic' version='0.0.0'/>
        <provided namespace='java.package' name='org.omg.DynamicAny' version='0.0.0'/>
        <provided namespace='java.package' name='org.omg.DynamicAny.DynAnyFactoryPackage' version='0.0.0'/>
        <provided namespace='java.package' name='org.omg.DynamicAny.DynAnyPackage' version='0.0.0'/>
        <provided namespace='java.package' name='org.omg.IOP' version='0.0.0'/>
        <provided namespace='java.package' name='org.omg.IOP.CodecFactoryPackage' version='0.0.0'/>
        <provided namespace='java.package' name='org.omg.IOP.CodecPackage' version='0.0.0'/>
        <provided namespace='java.package' name='org.omg.Messaging' version='0.0.0'/>
        <provided namespace='java.package' name='org.omg.PortableInterceptor' version='0.0.0'/>
        <provided namespace='java.package' name='org.omg.PortableInterceptor.ORBInitInfoPackage' version='0.0.0'/>
        <provided namespace='java.package' name='org.omg.PortableServer' version='0.0.0'/>
        <provided namespace='java.package' name='org.omg.PortableServer.CurrentPackage' version='0.0.0'/>
        <provided namespace='java.package' name='org.omg.PortableServer.POAManagerPackage' version='0.0.0'/>
        <provided namespace='java.package' name='org.omg.PortableServer.POAPackage' version='0.0.0'/>
        <provided namespace='java.package' name='org.omg.PortableServer.portable' version='0.0.0'/>
        <provided namespace='java.package' name='org.omg.PortableServer.ServantLocatorPackage' version='0.0.0'/>
        <provided namespace='java.package' name='org.omg.SendingContext' version='0.0.0'/>
        <provided namespace='java.package' name='org.omg.stub.java.rmi' version='0.0.0'/>
        <provided namespace='java.package' name='org.w3c.dom' version='0.0.0'/>
        <provided namespace='java.package' name='org.w3c.dom.bootstrap' version='0.0.0'/>
        <provided namespace='java.package' name='org.w3c.dom.events' version='0.0.0'/>
        <provided namespace='java.package' name='org.w3c.dom.ls' version='0.0.0'/>
        <provided namespace='java.package' name='org.xml.sax' version='0.0.0'/>
        <provided namespace='java.package' name='org.xml.sax.ext' version='0.0.0'/>
        <provided namespace='java.package' name='org.xml.sax.helpers' version='0.0.0'/>
      </provides>
      <touchpoint id='org.eclipse.equinox.p2.native' version='1.0.0'/>
    </unit>
    <unit id='tooling.org.eclipse.update.feature.default' version='1.0.0' singleton='false'>
      <hostRequirements size='1'>
        <required namespace='org.eclipse.equinox.p2.eclipse.type' name='feature' range='0.0.0' optional='true' multiple='true' greedy='false'/>
      </hostRequirements>
      <properties size='1'>
        <property name='org.eclipse.equinox.p2.type.fragment' value='true'/>
      </properties>
      <provides size='2'>
        <provided namespace='org.eclipse.equinox.p2.iu' name='tooling.org.eclipse.update.feature.default' version='1.0.0'/>
        <provided namespace='org.eclipse.equinox.p2.flavor' name='tooling' version='1.0.0'/>
      </provides>
      <requires size='1'>
        <required namespace='org.eclipse.equinox.p2.eclipse.type' name='feature' range='0.0.0' optional='true' multiple='true' greedy='false'/>
      </requires>
      <filter>
        (org.eclipse.update.install.features=true)
      </filter>
      <touchpoint id='null' version='0.0.0'/>
      <touchpointData size='1'>
        <instructions size='2'>
          <instruction key='uninstall'>
            uninstallFeature(feature:${artifact},featureId:default,featureVersion:default)
          </instruction>
          <instruction key='install'>
            installFeature(feature:${artifact},featureId:default,featureVersion:default)
          </instruction>
        </instructions>
      </touchpointData>
    </unit>
  </units>
</repository>
