<project name="Build a Product" default="main">

<!-- ===================================================================== -->
<!-- Global properties.  See the build.properties for information on -->
<!-- the properties which callers can control. -->
<!-- ===================================================================== -->
<property name="allElementsFile" value="productBuild/allElements.xml"/>
<import file="${ajdt.pdebuild.scripts}/productBuild/allElements.xml"/>
<property name="pluginPath" value=""/>
<property name="pluginList" value=""/>
<property name="featureList" value=""/>
<property name="includeLaunchers" value="true"/>
<property name="generatedBuildProperties" value=""/>

<!-- ===================================================================== -->
<!-- main entry point to setup, fetch, generate, build etc. Use -->
<!-- the customTargets.xml to modify the build behaviour. -->
<!-- ===================================================================== -->
<target name="main" description="the main build target">	
  	<antcall target="preBuild" /> 
	<antcall target="generateFeature"> <!-- Generate the feature to drive the fetch -->
		<param name="verify" value="false"/>
	</antcall>
 	<antcall target="fetch" />
	<antcall target="generateFeature"> <!-- We are calling generate feature a second time so that we can get the pack / unpack clause fixed -->
		<param name="verify" value="true"/>
	</antcall> 
	<antcall target="generate" /> 
	<antcall target="process" /> 
	<antcall target="assemble" />
	<antcall target="package" />
	<antcall target="postBuild" />
</target>

<!-- ===================================================================== -->
<!-- Generate a container feature based on the product file                -->
<!-- The plugin or feature containing the .product file will need to exist -->
<!-- already, use preSetup or postSetup to fetch it if necessary           -->
<!-- ===================================================================== -->
<target name="generateFeature">
	<eclipse.generateFeature
		featureId="org.eclipse.pde.build.container.feature"
		buildDirectory="${buildDirectory}"
		baseLocation="${baseLocation}"
		productFile="${product}"
		verify="${verify}"
		pluginPath="${pluginPath}"
		configInfo="${configs}"
		pluginList="${pluginList}"
		featureList="${featureList}"
		includeLaunchers="${includeLaunchers}"
		buildPropertiesFile="${generatedBuildProperties}"
	/>
</target>


</project>
