<?xml version='1.0' encoding='UTF-8'?>
<?metadataRepository class='org.eclipse.equinox.internal.p2.metadata.repository.LocalMetadataRepository' version='1.0.0'?>
<repository name='file:/Users/andrew/Eclipse/Workspaces/workspaceAJDT1.6weaving/.metadata/.plugins/org.eclipse.pde.core/tempp2metadata - metadata' type='org.eclipse.equinox.internal.p2.metadata.repository.LocalMetadataRepository' version='1'>
  <properties size='2'>
    <property name='p2.compressed' value='false'/>
    <property name='p2.timestamp' value='1232569311107'/>
  </properties>
  <references size='2'>
    <repository url='http://download.eclipse.org/tools/ajdt/34/update' type='0' options='0'/>
    <repository url='http://download.eclipse.org/tools/ajdt/34/update' type='1' options='0'/>
  </references>
  <units size='9'>
    <unit id='org.eclipse.equinox.weaving.feature.group' version='1.0.0.200901211220' singleton='false'>
      <update id='org.eclipse.equinox.weaving.feature.group' range='[0.0.0,1.0.0.200901211220)' severity='0'/>
      <properties size='7'>
        <property name='org.eclipse.equinox.p2.name' value='Equinox Aspects Feature'/>
        <property name='org.eclipse.equinox.p2.description' value='%description'/>
        <property name='org.eclipse.equinox.p2.description.url' value='http://www.eclipse.org/equinox/incubator/aspects/index.php'/>
        <property name='org.eclipse.equinox.p2.type.group' value='true'/>
        <property name='df_LT.copyright' value='Copyright (c) 2008&#xA;All rights reserved. This program and the accompanying materials&#xA;are made available under the terms of the Eclipse Public License v1.0&#xA;which accompanies this distribution, and is available at&#xA;http://www.eclipse.org/legal/epl-v10.html&#xA;E'/>
        <property name='df_LT.description' value='Equinox Aspects applies load-time weaving capabilities to the Equinox OSGi runtime'/>
        <property name='df_LT.license' value='ECLIPSE FOUNDATION SOFTWARE USER AGREEMENT&#xA;March 17, 2005&#xA;&#xA;Usage Of Content&#xA;&#xA;THE ECLIPSE FOUNDATION MAKES AVAILABLE SOFTWARE, DOCUMENTATION, INFORMATION AND/OR&#xA;OTHER MATERIALS FOR OPEN SOURCE PROJECTS (COLLECTIVELY &quot;CONTENT&quot;).&#xA;USE OF THE CONTENT IS GOVERNED BY THE TERMS AND CONDITIONS OF THIS&#xA;AGREEMENT AND/OR THE TERMS AND CONDITIONS OF LICENSE AGREEMENTS OR&#xA;NOTICES INDICATED OR REFERENCED BELOW. BY USING THE CONTENT, YOU&#xA;AGREE THAT YOUR USE OF THE CONTENT IS GOVERNED BY THIS AGREEMENT&#xA;AND/OR THE TERMS AND CONDITIONS OF ANY APPLICABLE LICENSE AGREEMENTS&#xA;OR NOTICES INDICATED OR REFERENCED BELOW. IF YOU DO NOT AGREE TO THE&#xA;TERMS AND CONDITIONS OF THIS AGREEMENT AND THE TERMS AND CONDITIONS&#xA;OF ANY APPLICABLE LICENSE AGREEMENTS OR NOTICES INDICATED OR REFERENCED&#xA;BELOW, THEN YOU MAY NOT USE THE CONTENT.&#xA;&#xA;Applicable Licenses&#xA;&#xA;Unless otherwise indicated, all Content made available by the Eclipse Foundation&#xA;is provided to you under the terms and conditions of the Eclipse Public&#xA;License Version 1.0 (&quot;EPL&quot;). A copy of the EPL is provided with this&#xA;Content and is also available at http://www.eclipse.org/legal/epl-v10.html.&#xA;For purposes of the EPL, &quot;Program&quot; will mean the Content.&#xA;&#xA;Content includes, but is not limited to, source code, object code,&#xA;documentation and other files maintained in the Eclipse.org CVS&#xA;repository (&quot;Repository&quot;) in CVS modules (&quot;Modules&quot;) and made available&#xA;as downloadable archives (&quot;Downloads&quot;).&#xA;&#xA;- Content may be structured and packaged into modules to facilitate delivering,&#xA;extending, and upgrading the Content. Typical modules may include plug-ins (&quot;Plug-ins&quot;),&#xA;plug-in fragments (&quot;Fragments&quot;), and features (&quot;Features&quot;).&#xA;- Each Plug-in or Fragment may be packaged as a sub-directory or JAR (Java? ARchive)&#xA;in a directory named &quot;plugins&quot;.&#xA;- A Feature is a bundle of one or more Plug-ins and/or Fragments and associated material.&#xA;Each Feature may be packaged as a sub-directory in a directory named &quot;features&quot;.&#xA;Within a Feature, files named &quot;feature.xml&quot; may contain a list of the names and version&#xA;numbers of the Plug-ins and/or Fragments associated with that Feature.&#xA;- Features may also include other Features (&quot;Included Features&quot;). Within a Feature, files&#xA;named &quot;feature.xml&quot; may contain a list of the names and version numbers of Included Features.&#xA;&#xA;Features may also include other Features (&quot;Included Features&quot;). Files named&#xA;&quot;feature.xml&quot; may contain a list of the names and version numbers of&#xA;Included Features.&#xA;&#xA;The terms and conditions governing Plug-ins and Fragments should be&#xA;contained in files named &quot;about.html&quot; (&quot;Abouts&quot;). The terms and&#xA;conditions governing Features and Included Features should be contained&#xA;in files named &quot;license.html&quot; (&quot;Feature Licenses&quot;). Abouts and Feature&#xA;Licenses may be located in any directory of a Download or Module&#xA;including, but not limited to the following locations:&#xA;&#xA;- The top-level (root) directory&#xA;- Plug-in and Fragment directories&#xA;- Inside Plug-ins and Fragments packaged as JARs&#xA;- Sub-directories of the directory named &quot;src&quot; of certain Plug-ins&#xA;- Feature directories&#xA;&#xA;Note: if a Feature made available by the Eclipse Foundation is installed using the&#xA;Eclipse Update Manager, you must agree to a license (&quot;Feature Update&#xA;License&quot;) during the installation process. If the Feature contains&#xA;Included Features, the Feature Update License should either provide you&#xA;with the terms and conditions governing the Included Features or inform&#xA;you where you can locate them. Feature Update Licenses may be found in&#xA;the &quot;license&quot; property of files named &quot;feature.properties&quot;. Such Abouts,&#xA;Feature Licenses and Feature Update Licenses contain the terms and&#xA;conditions (or references to such terms and conditions) that govern your&#xA;use of the associated Content in that directory.&#xA;&#xA;THE ABOUTS, FEATURE LICENSES AND FEATURE UPDATE LICENSES MAY REFER&#xA;TO THE EPL OR OTHER LICENSE AGREEMENTS, NOTICES OR TERMS AND CONDITIONS.&#xA;SOME OF THESE OTHER LICENSE AGREEMENTS MAY INCLUDE (BUT ARE NOT LIMITED TO):&#xA;&#xA;- Common Public License Version 1.0 (available at http://www.eclipse.org/legal/cpl-v10.html)&#xA;- Apache Software License 1.1 (available at http://www.apache.org/licenses/LICENSE)&#xA;- Apache Software License 2.0 (available at http://www.apache.org/licenses/LICENSE-2.0)&#xA;- IBM Public License 1.0 (available at http://oss.software.ibm.com/developerworks/opensource/license10.html)&#xA;- Metro Link Public License 1.00 (available at http://www.opengroup.org/openmotif/supporters/metrolink/license.html)&#xA;- Mozilla Public License Version 1.1 (available at http://www.mozilla.org/MPL/MPL-1.1.html)&#xA;&#xA;IT IS YOUR OBLIGATION TO READ AND ACCEPT ALL SUCH TERMS AND CONDITIONS PRIOR&#xA;TO USE OF THE CONTENT. If no About, Feature License or Feature Update License&#xA;is provided, please contact the Eclipse Foundation to determine what terms and conditions&#xA;govern that particular Content.&#xA;&#xA;Cryptography&#xA;&#xA;Content may contain encryption software. The country in which you are&#xA;currently may have restrictions on the import, possession, and use,&#xA;and/or re-export to another country, of encryption software. BEFORE&#xA;using any encryption software, please check the country&apos;s laws,&#xA;regulations and policies concerning the import, possession, or use,&#xA;and re-export of encryption software, to see if this is permitted.&#xA;&#xA;Java and all Java-based trademarks are trademarks of Sun Microsystems, Inc. in the United States, other countries, or both.&#xA;'/>
      </properties>
      <provides size='2'>
        <provided namespace='org.eclipse.equinox.p2.iu' name='org.eclipse.equinox.weaving.feature.group' version='1.0.0.200901211220'/>
        <provided namespace='org.eclipse.equinox.p2.localization' name='df_LT' version='1.0.0'/>
      </provides>
      <requires size='5'>
        <required namespace='org.eclipse.equinox.p2.iu' name='org.aspectj.runtime' range='0.0.0'/>
        <required namespace='org.eclipse.equinox.p2.iu' name='org.aspectj.weaver' range='0.0.0'/>
        <required namespace='org.eclipse.equinox.p2.iu' name='org.eclipse.equinox.weaving.aspectj' range='[1.0.0.200901211220,1.0.0.200901211220]'/>
        <required namespace='org.eclipse.equinox.p2.iu' name='org.eclipse.equinox.weaving.hook' range='[1.0.0.200901211220,1.0.0.200901211220]'/>
        <required namespace='org.eclipse.equinox.p2.iu' name='org.eclipse.equinox.weaving.feature.jar' range='[1.0.0.200901211220,1.0.0.200901211220]'>
          <filter>
            (org.eclipse.update.install.features=true)
          </filter>
        </required>
      </requires>
      <touchpoint id='null' version='0.0.0'/>
      <licenses size='1'>
        <license>
          %license
        </license>
      </licenses>
      <copyright>
        %copyright
      </copyright>
    </unit>
    <unit id='org.eclipse.equinox.weaving.aspectj' version='1.0.0.200901211220' singleton='false'>
      <update id='org.eclipse.equinox.weaving.aspectj' range='[0.0.0,1.0.0.200901211220)' severity='0'/>
      <properties size='1'>
        <property name='org.eclipse.equinox.p2.name' value='WeavingService Plug-in (Incubation)'/>
      </properties>
      <provides size='3'>
        <provided namespace='org.eclipse.equinox.p2.iu' name='org.eclipse.equinox.weaving.aspectj' version='1.0.0.200901211220'/>
        <provided namespace='osgi.bundle' name='org.eclipse.equinox.weaving.aspectj' version='1.0.0.200901211220'/>
        <provided namespace='org.eclipse.equinox.p2.eclipse.type' name='bundle' version='1.0.0'/>
      </provides>
      <requires size='9'>
        <required namespace='osgi.bundle' name='org.aspectj.weaver' range='1.6.1'/>
        <required namespace='java.package' name='org.aspectj.weaver' range='1.6.1'/>
        <required namespace='java.package' name='org.aspectj.weaver.loadtime' range='1.6.1'/>
        <required namespace='java.package' name='org.aspectj.weaver.loadtime.definition' range='1.6.1'/>
        <required namespace='java.package' name='org.aspectj.weaver.tools' range='1.6.1'/>
        <required namespace='java.package' name='org.eclipse.equinox.service.weaving' range='0.0.0'/>
        <required namespace='java.package' name='org.eclipse.osgi.service.debug' range='0.0.0'/>
        <required namespace='java.package' name='org.eclipse.osgi.service.resolver' range='0.0.0'/>
        <required namespace='java.package' name='org.osgi.framework' range='0.0.0'/>
      </requires>
      <artifacts size='1'>
        <artifact classifier='osgi.bundle' id='org.eclipse.equinox.weaving.aspectj' version='1.0.0.200901211220'/>
      </artifacts>
      <touchpoint id='org.eclipse.equinox.p2.osgi' version='1.0.0'/>
      <touchpointData size='1'>
        <instructions size='2'>
          <instruction key='configure'>
            setStartLevel(startLevel:4); markStarted(started: true); instructions.uninstall = setProgramProperty(propName:org.aspectj.weaver.showWeaveInfo, propValue:); setProgramProperty(propName:org.aspectj.osgi.verbose, propValue:); setProgramProperty(propName:aj.weaving.verbose, propValue:);
          </instruction>
          <instruction key='manifest'>
            Bundle-ManifestVersion: 2&#xA;Bundle-Name: WeavingService Plug-in (Incubation)&#xA;Bundle-Version: 1.0.0.200901211220&#xA;Require-Bundle: org.aspectj.weaver;bundle-version=&quot;1.6.1&quot;&#xA;Bundle-RequiredExecutionEnvironment: J2SE-1.5&#xA;Bundle-SymbolicName: org.eclipse.equinox.weaving.aspectj&#xA;Manifest-Version: 1.0&#xA;Import-Package: org.aspectj.weaver;version=&quot;1.6.1&quot;,org.aspectj.weaver.loadtime;version=&quot;1.6.1&quot;,org.aspectj.weaver.loadtime.definition;version=&quot;1.6.1&quot;,org.aspectj.weaver.tools;version=&quot;1.6.1&quot;,org.eclipse.equinox.service.weaving,org.eclipse.osgi.service.debug,org.eclipse.osgi.service.resolver,org.osgi.framework&#xA;Bundle-Activator: org.eclipse.equinox.weaving.aspectj.WeavingServicePlugin&#xA;
          </instruction>
        </instructions>
      </touchpointData>
    </unit>
    <unit id='org.eclipse.equinox.weaving.hook' version='1.0.0.200901211220' singleton='false'>
      <update id='org.eclipse.equinox.weaving.hook' range='[0.0.0,1.0.0.200901211220)' severity='0'/>
      <properties size='1'>
        <property name='org.eclipse.equinox.p2.name' value='Aspect Weaving Hooks Plug-in (Incubation)'/>
      </properties>
      <provides size='6'>
        <provided namespace='org.eclipse.equinox.p2.iu' name='org.eclipse.equinox.weaving.hook' version='1.0.0.200901211220'/>
        <provided namespace='osgi.bundle' name='org.eclipse.equinox.weaving.hook' version='1.0.0.200901211220'/>
        <provided namespace='java.package' name='org.eclipse.equinox.service.weaving' version='0.0.0'/>
        <provided namespace='java.package' name='org.eclipse.equinox.weaving.hooks' version='0.0.0'/>
        <provided namespace='org.eclipse.equinox.p2.eclipse.type' name='bundle' version='1.0.0'/>
        <provided namespace='osgi.fragment' name='org.eclipse.osgi' version='1.0.0.200901211220'/>
      </provides>
      <requires size='1'>
        <required namespace='osgi.bundle' name='org.eclipse.osgi' range='[3.2.0,4.0.0)'/>
      </requires>
      <artifacts size='1'>
        <artifact classifier='osgi.bundle' id='org.eclipse.equinox.weaving.hook' version='1.0.0.200901211220'/>
      </artifacts>
      <touchpoint id='org.eclipse.equinox.p2.osgi' version='1.0.0'/>
      <touchpointData size='1'>
        <instructions size='2'>
          <instruction key='uninstall'>
            setProgramProperty(propName:osgi.framework.extensions, propValue:);
          </instruction>
          <instruction key='manifest'>
            Bundle-ManifestVersion: 2&#xA;Bundle-Version: 1.0.0.200901211220&#xA;Export-Package: org.eclipse.equinox.service.weaving,org.eclipse.equinox.weaving.hooks;x-friends:=&quot;org.eclipse.equinox.weaving.tests&quot;&#xA;Manifest-Version: 1.0&#xA;Bundle-SymbolicName: org.eclipse.equinox.weaving.hook&#xA;Bundle-Name: Aspect Weaving Hooks Plug-in (Incubation)&#xA;Fragment-Host: org.eclipse.osgi;bundle-version=&quot;[3.2.0,4.0.0)&quot;&#xA;Bundle-RequiredExecutionEnvironment: J2SE-1.5&#xA;
          </instruction>
        </instructions>
      </touchpointData>
    </unit>
    <unit id='config.a.jre' version='1.6.0' singleton='false'>
      <hostRequirements size='1'>
        <required namespace='org.eclipse.equinox.p2.iu' name='a.jre' range='1.6.0'/>
      </hostRequirements>
      <properties size='1'>
        <property name='org.eclipse.equinox.p2.type.fragment' value='true'/>
      </properties>
      <provides size='1'>
        <provided namespace='org.eclipse.equinox.p2.iu' name='config.a.jre' version='1.6.0'/>
      </provides>
      <requires size='1'>
        <required namespace='org.eclipse.equinox.p2.iu' name='a.jre' range='1.6.0'/>
      </requires>
      <touchpoint id='org.eclipse.equinox.p2.native' version='1.0.0'/>
      <touchpointData size='1'>
        <instructions size='1'>
          <instruction key='install'>

          </instruction>
        </instructions>
      </touchpointData>
    </unit>
    <unit id='tooling.osgi.bundle.default' version='1.0.0' singleton='false'>
      <hostRequirements size='1'>
        <required namespace='org.eclipse.equinox.p2.eclipse.type' name='bundle' range='0.0.0' multiple='true' greedy='false'/>
      </hostRequirements>
      <properties size='1'>
        <property name='org.eclipse.equinox.p2.type.fragment' value='true'/>
      </properties>
      <provides size='2'>
        <provided namespace='org.eclipse.equinox.p2.iu' name='tooling.osgi.bundle.default' version='1.0.0'/>
        <provided namespace='org.eclipse.equinox.p2.flavor' name='tooling' version='1.0.0'/>
      </provides>
      <requires size='1'>
        <required namespace='org.eclipse.equinox.p2.eclipse.type' name='bundle' range='0.0.0' multiple='true' greedy='false'/>
      </requires>
      <touchpoint id='null' version='0.0.0'/>
      <touchpointData size='1'>
        <instructions size='4'>
          <instruction key='uninstall'>
            uninstallBundle(bundle:${artifact})
          </instruction>
          <instruction key='configure'>
            setStartLevel(startLevel:4);
          </instruction>
          <instruction key='install'>
            installBundle(bundle:${artifact})
          </instruction>
          <instruction key='unconfigure'>

          </instruction>
        </instructions>
      </touchpointData>
    </unit>
    <unit id='tooling.source.default' version='1.0.0' singleton='false'>
      <hostRequirements size='1'>
        <required namespace='org.eclipse.equinox.p2.eclipse.type' name='source' range='0.0.0' optional='true' multiple='true' greedy='false'/>
      </hostRequirements>
      <properties size='1'>
        <property name='org.eclipse.equinox.p2.type.fragment' value='true'/>
      </properties>
      <provides size='2'>
        <provided namespace='org.eclipse.equinox.p2.iu' name='tooling.source.default' version='1.0.0'/>
        <provided namespace='org.eclipse.equinox.p2.flavor' name='tooling' version='1.0.0'/>
      </provides>
      <requires size='1'>
        <required namespace='org.eclipse.equinox.p2.eclipse.type' name='source' range='0.0.0' optional='true' multiple='true' greedy='false'/>
      </requires>
      <touchpoint id='null' version='0.0.0'/>
      <touchpointData size='1'>
        <instructions size='2'>
          <instruction key='uninstall'>
            removeSourceBundle(bundle:${artifact})
          </instruction>
          <instruction key='install'>
            addSourceBundle(bundle:${artifact})
          </instruction>
        </instructions>
      </touchpointData>
    </unit>
    <unit id='org.eclipse.equinox.weaving.feature.jar' version='1.0.0.200901211220'>
      <update id='org.eclipse.equinox.weaving.feature.jar' range='[0.0.0,1.0.0.200901211220)' severity='0'/>
      <properties size='6'>
        <property name='org.eclipse.equinox.p2.name' value='Equinox Aspects Feature'/>
        <property name='org.eclipse.equinox.p2.description' value='%description'/>
        <property name='org.eclipse.equinox.p2.description.url' value='http://www.eclipse.org/equinox/incubator/aspects/index.php'/>
        <property name='df_LT.copyright' value='Copyright (c) 2008&#xA;All rights reserved. This program and the accompanying materials&#xA;are made available under the terms of the Eclipse Public License v1.0&#xA;which accompanies this distribution, and is available at&#xA;http://www.eclipse.org/legal/epl-v10.html&#xA;E'/>
        <property name='df_LT.description' value='Equinox Aspects applies load-time weaving capabilities to the Equinox OSGi runtime'/>
        <property name='df_LT.license' value='ECLIPSE FOUNDATION SOFTWARE USER AGREEMENT&#xA;March 17, 2005&#xA;&#xA;Usage Of Content&#xA;&#xA;THE ECLIPSE FOUNDATION MAKES AVAILABLE SOFTWARE, DOCUMENTATION, INFORMATION AND/OR&#xA;OTHER MATERIALS FOR OPEN SOURCE PROJECTS (COLLECTIVELY &quot;CONTENT&quot;).&#xA;USE OF THE CONTENT IS GOVERNED BY THE TERMS AND CONDITIONS OF THIS&#xA;AGREEMENT AND/OR THE TERMS AND CONDITIONS OF LICENSE AGREEMENTS OR&#xA;NOTICES INDICATED OR REFERENCED BELOW. BY USING THE CONTENT, YOU&#xA;AGREE THAT YOUR USE OF THE CONTENT IS GOVERNED BY THIS AGREEMENT&#xA;AND/OR THE TERMS AND CONDITIONS OF ANY APPLICABLE LICENSE AGREEMENTS&#xA;OR NOTICES INDICATED OR REFERENCED BELOW. IF YOU DO NOT AGREE TO THE&#xA;TERMS AND CONDITIONS OF THIS AGREEMENT AND THE TERMS AND CONDITIONS&#xA;OF ANY APPLICABLE LICENSE AGREEMENTS OR NOTICES INDICATED OR REFERENCED&#xA;BELOW, THEN YOU MAY NOT USE THE CONTENT.&#xA;&#xA;Applicable Licenses&#xA;&#xA;Unless otherwise indicated, all Content made available by the Eclipse Foundation&#xA;is provided to you under the terms and conditions of the Eclipse Public&#xA;License Version 1.0 (&quot;EPL&quot;). A copy of the EPL is provided with this&#xA;Content and is also available at http://www.eclipse.org/legal/epl-v10.html.&#xA;For purposes of the EPL, &quot;Program&quot; will mean the Content.&#xA;&#xA;Content includes, but is not limited to, source code, object code,&#xA;documentation and other files maintained in the Eclipse.org CVS&#xA;repository (&quot;Repository&quot;) in CVS modules (&quot;Modules&quot;) and made available&#xA;as downloadable archives (&quot;Downloads&quot;).&#xA;&#xA;- Content may be structured and packaged into modules to facilitate delivering,&#xA;extending, and upgrading the Content. Typical modules may include plug-ins (&quot;Plug-ins&quot;),&#xA;plug-in fragments (&quot;Fragments&quot;), and features (&quot;Features&quot;).&#xA;- Each Plug-in or Fragment may be packaged as a sub-directory or JAR (Java? ARchive)&#xA;in a directory named &quot;plugins&quot;.&#xA;- A Feature is a bundle of one or more Plug-ins and/or Fragments and associated material.&#xA;Each Feature may be packaged as a sub-directory in a directory named &quot;features&quot;.&#xA;Within a Feature, files named &quot;feature.xml&quot; may contain a list of the names and version&#xA;numbers of the Plug-ins and/or Fragments associated with that Feature.&#xA;- Features may also include other Features (&quot;Included Features&quot;). Within a Feature, files&#xA;named &quot;feature.xml&quot; may contain a list of the names and version numbers of Included Features.&#xA;&#xA;Features may also include other Features (&quot;Included Features&quot;). Files named&#xA;&quot;feature.xml&quot; may contain a list of the names and version numbers of&#xA;Included Features.&#xA;&#xA;The terms and conditions governing Plug-ins and Fragments should be&#xA;contained in files named &quot;about.html&quot; (&quot;Abouts&quot;). The terms and&#xA;conditions governing Features and Included Features should be contained&#xA;in files named &quot;license.html&quot; (&quot;Feature Licenses&quot;). Abouts and Feature&#xA;Licenses may be located in any directory of a Download or Module&#xA;including, but not limited to the following locations:&#xA;&#xA;- The top-level (root) directory&#xA;- Plug-in and Fragment directories&#xA;- Inside Plug-ins and Fragments packaged as JARs&#xA;- Sub-directories of the directory named &quot;src&quot; of certain Plug-ins&#xA;- Feature directories&#xA;&#xA;Note: if a Feature made available by the Eclipse Foundation is installed using the&#xA;Eclipse Update Manager, you must agree to a license (&quot;Feature Update&#xA;License&quot;) during the installation process. If the Feature contains&#xA;Included Features, the Feature Update License should either provide you&#xA;with the terms and conditions governing the Included Features or inform&#xA;you where you can locate them. Feature Update Licenses may be found in&#xA;the &quot;license&quot; property of files named &quot;feature.properties&quot;. Such Abouts,&#xA;Feature Licenses and Feature Update Licenses contain the terms and&#xA;conditions (or references to such terms and conditions) that govern your&#xA;use of the associated Content in that directory.&#xA;&#xA;THE ABOUTS, FEATURE LICENSES AND FEATURE UPDATE LICENSES MAY REFER&#xA;TO THE EPL OR OTHER LICENSE AGREEMENTS, NOTICES OR TERMS AND CONDITIONS.&#xA;SOME OF THESE OTHER LICENSE AGREEMENTS MAY INCLUDE (BUT ARE NOT LIMITED TO):&#xA;&#xA;- Common Public License Version 1.0 (available at http://www.eclipse.org/legal/cpl-v10.html)&#xA;- Apache Software License 1.1 (available at http://www.apache.org/licenses/LICENSE)&#xA;- Apache Software License 2.0 (available at http://www.apache.org/licenses/LICENSE-2.0)&#xA;- IBM Public License 1.0 (available at http://oss.software.ibm.com/developerworks/opensource/license10.html)&#xA;- Metro Link Public License 1.00 (available at http://www.opengroup.org/openmotif/supporters/metrolink/license.html)&#xA;- Mozilla Public License Version 1.1 (available at http://www.mozilla.org/MPL/MPL-1.1.html)&#xA;&#xA;IT IS YOUR OBLIGATION TO READ AND ACCEPT ALL SUCH TERMS AND CONDITIONS PRIOR&#xA;TO USE OF THE CONTENT. If no About, Feature License or Feature Update License&#xA;is provided, please contact the Eclipse Foundation to determine what terms and conditions&#xA;govern that particular Content.&#xA;&#xA;Cryptography&#xA;&#xA;Content may contain encryption software. The country in which you are&#xA;currently may have restrictions on the import, possession, and use,&#xA;and/or re-export to another country, of encryption software. BEFORE&#xA;using any encryption software, please check the country&apos;s laws,&#xA;regulations and policies concerning the import, possession, or use,&#xA;and re-export of encryption software, to see if this is permitted.&#xA;&#xA;Java and all Java-based trademarks are trademarks of Sun Microsystems, Inc. in the United States, other countries, or both.&#xA;'/>
      </properties>
      <provides size='4'>
        <provided namespace='org.eclipse.equinox.p2.iu' name='org.eclipse.equinox.weaving.feature.jar' version='1.0.0.200901211220'/>
        <provided namespace='org.eclipse.equinox.p2.eclipse.type' name='feature' version='1.0.0'/>
        <provided namespace='org.eclipse.update.feature' name='org.eclipse.equinox.weaving' version='1.0.0.200901211220'/>
        <provided namespace='org.eclipse.equinox.p2.localization' name='df_LT' version='1.0.0'/>
      </provides>
      <filter>
        (org.eclipse.update.install.features=true)
      </filter>
      <artifacts size='1'>
        <artifact classifier='org.eclipse.update.feature' id='org.eclipse.equinox.weaving' version='1.0.0.200901211220'/>
      </artifacts>
      <touchpoint id='org.eclipse.equinox.p2.osgi' version='1.0.0'/>
      <touchpointData size='1'>
        <instructions size='1'>
          <instruction key='zipped'>
            true
          </instruction>
        </instructions>
      </touchpointData>
      <licenses size='1'>
        <license>
          %license
        </license>
      </licenses>
      <copyright>
        %copyright
      </copyright>
    </unit>
    <unit id='a.jre' version='1.6.0' singleton='false'>
      <provides size='117'>
        <provided namespace='org.eclipse.equinox.p2.iu' name='a.jre' version='1.6.0'/>
        <provided namespace='java.package' name='javax.accessibility' version='0.0.0'/>
        <provided namespace='java.package' name='javax.activity' version='0.0.0'/>
        <provided namespace='java.package' name='javax.crypto' version='0.0.0'/>
        <provided namespace='java.package' name='javax.crypto.interfaces' version='0.0.0'/>
        <provided namespace='java.package' name='javax.crypto.spec' version='0.0.0'/>
        <provided namespace='java.package' name='javax.imageio' version='0.0.0'/>
        <provided namespace='java.package' name='javax.imageio.event' version='0.0.0'/>
        <provided namespace='java.package' name='javax.imageio.metadata' version='0.0.0'/>
        <provided namespace='java.package' name='javax.imageio.plugins.bmp' version='0.0.0'/>
        <provided namespace='java.package' name='javax.imageio.plugins.jpeg' version='0.0.0'/>
        <provided namespace='java.package' name='javax.imageio.spi' version='0.0.0'/>
        <provided namespace='java.package' name='javax.imageio.stream' version='0.0.0'/>
        <provided namespace='java.package' name='javax.management' version='0.0.0'/>
        <provided namespace='java.package' name='javax.management.loading' version='0.0.0'/>
        <provided namespace='java.package' name='javax.management.modelmbean' version='0.0.0'/>
        <provided namespace='java.package' name='javax.management.monitor' version='0.0.0'/>
        <provided namespace='java.package' name='javax.management.openmbean' version='0.0.0'/>
        <provided namespace='java.package' name='javax.management.relation' version='0.0.0'/>
        <provided namespace='java.package' name='javax.management.remote' version='0.0.0'/>
        <provided namespace='java.package' name='javax.management.remote.rmi' version='0.0.0'/>
        <provided namespace='java.package' name='javax.management.timer' version='0.0.0'/>
        <provided namespace='java.package' name='javax.naming' version='0.0.0'/>
        <provided namespace='java.package' name='javax.naming.directory' version='0.0.0'/>
        <provided namespace='java.package' name='javax.naming.event' version='0.0.0'/>
        <provided namespace='java.package' name='javax.naming.ldap' version='0.0.0'/>
        <provided namespace='java.package' name='javax.naming.spi' version='0.0.0'/>
        <provided namespace='java.package' name='javax.net' version='0.0.0'/>
        <provided namespace='java.package' name='javax.net.ssl' version='0.0.0'/>
        <provided namespace='java.package' name='javax.print' version='0.0.0'/>
        <provided namespace='java.package' name='javax.print.attribute' version='0.0.0'/>
        <provided namespace='java.package' name='javax.print.attribute.standard' version='0.0.0'/>
        <provided namespace='java.package' name='javax.print.event' version='0.0.0'/>
        <provided namespace='java.package' name='javax.rmi' version='0.0.0'/>
        <provided namespace='java.package' name='javax.rmi.CORBA' version='0.0.0'/>
        <provided namespace='java.package' name='javax.rmi.ssl' version='0.0.0'/>
        <provided namespace='java.package' name='javax.security.auth' version='0.0.0'/>
        <provided namespace='java.package' name='javax.security.auth.callback' version='0.0.0'/>
        <provided namespace='java.package' name='javax.security.auth.kerberos' version='0.0.0'/>
        <provided namespace='java.package' name='javax.security.auth.login' version='0.0.0'/>
        <provided namespace='java.package' name='javax.security.auth.spi' version='0.0.0'/>
        <provided namespace='java.package' name='javax.security.auth.x500' version='0.0.0'/>
        <provided namespace='java.package' name='javax.security.cert' version='0.0.0'/>
        <provided namespace='java.package' name='javax.security.sasl' version='0.0.0'/>
        <provided namespace='java.package' name='javax.sound.midi' version='0.0.0'/>
        <provided namespace='java.package' name='javax.sound.midi.spi' version='0.0.0'/>
        <provided namespace='java.package' name='javax.sound.sampled' version='0.0.0'/>
        <provided namespace='java.package' name='javax.sound.sampled.spi' version='0.0.0'/>
        <provided namespace='java.package' name='javax.sql' version='0.0.0'/>
        <provided namespace='java.package' name='javax.sql.rowset' version='0.0.0'/>
        <provided namespace='java.package' name='javax.sql.rowset.serial' version='0.0.0'/>
        <provided namespace='java.package' name='javax.sql.rowset.spi' version='0.0.0'/>
        <provided namespace='java.package' name='javax.swing' version='0.0.0'/>
        <provided namespace='java.package' name='javax.swing.border' version='0.0.0'/>
        <provided namespace='java.package' name='javax.swing.colorchooser' version='0.0.0'/>
        <provided namespace='java.package' name='javax.swing.event' version='0.0.0'/>
        <provided namespace='java.package' name='javax.swing.filechooser' version='0.0.0'/>
        <provided namespace='java.package' name='javax.swing.plaf' version='0.0.0'/>
        <provided namespace='java.package' name='javax.swing.plaf.basic' version='0.0.0'/>
        <provided namespace='java.package' name='javax.swing.plaf.metal' version='0.0.0'/>
        <provided namespace='java.package' name='javax.swing.plaf.multi' version='0.0.0'/>
        <provided namespace='java.package' name='javax.swing.plaf.synth' version='0.0.0'/>
        <provided namespace='java.package' name='javax.swing.table' version='0.0.0'/>
        <provided namespace='java.package' name='javax.swing.text' version='0.0.0'/>
        <provided namespace='java.package' name='javax.swing.text.html' version='0.0.0'/>
        <provided namespace='java.package' name='javax.swing.text.html.parser' version='0.0.0'/>
        <provided namespace='java.package' name='javax.swing.text.rtf' version='0.0.0'/>
        <provided namespace='java.package' name='javax.swing.tree' version='0.0.0'/>
        <provided namespace='java.package' name='javax.swing.undo' version='0.0.0'/>
        <provided namespace='java.package' name='javax.transaction' version='0.0.0'/>
        <provided namespace='java.package' name='javax.transaction.xa' version='0.0.0'/>
        <provided namespace='java.package' name='javax.xml' version='0.0.0'/>
        <provided namespace='java.package' name='javax.xml.datatype' version='0.0.0'/>
        <provided namespace='java.package' name='javax.xml.namespace' version='0.0.0'/>
        <provided namespace='java.package' name='javax.xml.parsers' version='0.0.0'/>
        <provided namespace='java.package' name='javax.xml.transform' version='0.0.0'/>
        <provided namespace='java.package' name='javax.xml.transform.dom' version='0.0.0'/>
        <provided namespace='java.package' name='javax.xml.transform.sax' version='0.0.0'/>
        <provided namespace='java.package' name='javax.xml.transform.stream' version='0.0.0'/>
        <provided namespace='java.package' name='javax.xml.validation' version='0.0.0'/>
        <provided namespace='java.package' name='javax.xml.xpath' version='0.0.0'/>
        <provided namespace='java.package' name='org.ietf.jgss' version='0.0.0'/>
        <provided namespace='java.package' name='org.omg.CORBA' version='0.0.0'/>
        <provided namespace='java.package' name='org.omg.CORBA_2_3' version='0.0.0'/>
        <provided namespace='java.package' name='org.omg.CORBA_2_3.portable' version='0.0.0'/>
        <provided namespace='java.package' name='org.omg.CORBA.DynAnyPackage' version='0.0.0'/>
        <provided namespace='java.package' name='org.omg.CORBA.ORBPackage' version='0.0.0'/>
        <provided namespace='java.package' name='org.omg.CORBA.portable' version='0.0.0'/>
        <provided namespace='java.package' name='org.omg.CORBA.TypeCodePackage' version='0.0.0'/>
        <provided namespace='java.package' name='org.omg.CosNaming' version='0.0.0'/>
        <provided namespace='java.package' name='org.omg.CosNaming.NamingContextExtPackage' version='0.0.0'/>
        <provided namespace='java.package' name='org.omg.CosNaming.NamingContextPackage' version='0.0.0'/>
        <provided namespace='java.package' name='org.omg.Dynamic' version='0.0.0'/>
        <provided namespace='java.package' name='org.omg.DynamicAny' version='0.0.0'/>
        <provided namespace='java.package' name='org.omg.DynamicAny.DynAnyFactoryPackage' version='0.0.0'/>
        <provided namespace='java.package' name='org.omg.DynamicAny.DynAnyPackage' version='0.0.0'/>
        <provided namespace='java.package' name='org.omg.IOP' version='0.0.0'/>
        <provided namespace='java.package' name='org.omg.IOP.CodecFactoryPackage' version='0.0.0'/>
        <provided namespace='java.package' name='org.omg.IOP.CodecPackage' version='0.0.0'/>
        <provided namespace='java.package' name='org.omg.Messaging' version='0.0.0'/>
        <provided namespace='java.package' name='org.omg.PortableInterceptor' version='0.0.0'/>
        <provided namespace='java.package' name='org.omg.PortableInterceptor.ORBInitInfoPackage' version='0.0.0'/>
        <provided namespace='java.package' name='org.omg.PortableServer' version='0.0.0'/>
        <provided namespace='java.package' name='org.omg.PortableServer.CurrentPackage' version='0.0.0'/>
        <provided namespace='java.package' name='org.omg.PortableServer.POAManagerPackage' version='0.0.0'/>
        <provided namespace='java.package' name='org.omg.PortableServer.POAPackage' version='0.0.0'/>
        <provided namespace='java.package' name='org.omg.PortableServer.portable' version='0.0.0'/>
        <provided namespace='java.package' name='org.omg.PortableServer.ServantLocatorPackage' version='0.0.0'/>
        <provided namespace='java.package' name='org.omg.SendingContext' version='0.0.0'/>
        <provided namespace='java.package' name='org.omg.stub.java.rmi' version='0.0.0'/>
        <provided namespace='java.package' name='org.w3c.dom' version='0.0.0'/>
        <provided namespace='java.package' name='org.w3c.dom.bootstrap' version='0.0.0'/>
        <provided namespace='java.package' name='org.w3c.dom.events' version='0.0.0'/>
        <provided namespace='java.package' name='org.w3c.dom.ls' version='0.0.0'/>
        <provided namespace='java.package' name='org.xml.sax' version='0.0.0'/>
        <provided namespace='java.package' name='org.xml.sax.ext' version='0.0.0'/>
        <provided namespace='java.package' name='org.xml.sax.helpers' version='0.0.0'/>
      </provides>
      <touchpoint id='org.eclipse.equinox.p2.native' version='1.0.0'/>
    </unit>
    <unit id='tooling.org.eclipse.update.feature.default' version='1.0.0' singleton='false'>
      <hostRequirements size='1'>
        <required namespace='org.eclipse.equinox.p2.eclipse.type' name='feature' range='0.0.0' optional='true' multiple='true' greedy='false'/>
      </hostRequirements>
      <properties size='1'>
        <property name='org.eclipse.equinox.p2.type.fragment' value='true'/>
      </properties>
      <provides size='2'>
        <provided namespace='org.eclipse.equinox.p2.iu' name='tooling.org.eclipse.update.feature.default' version='1.0.0'/>
        <provided namespace='org.eclipse.equinox.p2.flavor' name='tooling' version='1.0.0'/>
      </provides>
      <requires size='1'>
        <required namespace='org.eclipse.equinox.p2.eclipse.type' name='feature' range='0.0.0' optional='true' multiple='true' greedy='false'/>
      </requires>
      <filter>
        (org.eclipse.update.install.features=true)
      </filter>
      <touchpoint id='null' version='0.0.0'/>
      <touchpointData size='1'>
        <instructions size='2'>
          <instruction key='uninstall'>
            uninstallFeature(feature:${artifact},featureId:default,featureVersion:default)
          </instruction>
          <instruction key='install'>
            installFeature(feature:${artifact},featureId:default,featureVersion:default)
          </instruction>
        </instructions>
      </touchpointData>
    </unit>
  </units>
</repository>
